ID;Nombre completo;Fecha de nacimiento;Dirección;Localidad y Código postal;Teléfono;Correo electrónico
C0001;Leandra Anna Malo Alba;8/12/1984;7943 S. Fifth Street;Bergenfield, NJ 07621;(598) 451-5865;uraeus@mac.com
C0002;Severo Granados Iglesia;12/08/1986;77 Lyme Street;Hermitage, TN 37076;(869) 771-1487;bhima@me.com
C0003;Lucho Andreu Amat;16/04/1990;9448 Fairfield St.;Aberdeen, SD 57401;(246) 245-7306;psichel@sbcglobal.net
C0004;Matías Mauricio Castillo Barrera;2/12/1996;8143 College St.;Trussville, AL 35173;(707) 933-2513;tbeck@optonline.net
C0005;Mauricio Guijarro Castelló;14/05/1984;9893 W. Vale Ave.;Billings, MT 59101;(612) 325-0216;eegsa@yahoo.ca
C0006;Isaura Leyre Avilés Pelayo;18/04/1987;8094 Albany Drive;Poughkeepsie, NY 12601;(992) 564-5230;barlow@verizon.net
C0007;Soraya Morera-Lago;27/11/1990;9001 Creek Street;Lawrence, MA 01841;(651) 544-1246;wkrebs@me.com
C0008;Victoriano Tapia-Cabanillas;6/03/1981;57 Green Drive;Fair Lawn, NJ 07410;(851) 782-6044;dleconte@outlook.com
C0009;Nidia Saez Campoy;28/04/1980;86 Surrey St.;Kennewick, WA 99337;(265) 609-6654;flakeg@verizon.net
C0010;Teófila Villanueva Molina;4/01/1987;8728 Boston Street;Rego Park, NY 11374;(305) 491-4988;slaff@icloud.com
C0011;Trini de Alberdi;4/12/1990;45 Heritage Ave.;Fall River, MA 02720;(561) 649-7485;uncle@hotmail.com
C0012;Dani Baena;20/10/1977;9334 Hillside Street;Grand Blanc, MI 48439;(966) 735-9451;vsprintf@hotmail.com
C0013;Angelina de Arregui;21/02/2000;611 Academy Street;Dalton, GA 30721;(711) 282-2848;chinthaka@yahoo.ca
C0014;Samuel de Carranza;16/05/1999;7201 Mill Street;Marcus Hook, PA 19061;(337) 397-0627;ntegrity@optonline.net
C0015;Jacinta Montenegro Garcés;13/03/1994;59 Ridgewood Ave.;Reynoldsburg, OH 43068;(969) 383-4277;yangyan@yahoo.ca
C0016;Lisandro Delgado Nadal;18/04/1980;270 West Green Lake St.;Louisville, KY 40207;(748) 495-1748;ilyaz@me.com
C0017;Samanta Manjón Godoy;3/03/1980;9481 S. Chestnut St.;Morristown, NJ 07960;(494) 813-5651;njpayne@hotmail.com
C0018;Albano Teodosio Cañete Rosa;4/04/1981;7 N. Annadale Street;Eugene, OR 97402;(779) 217-3175;ralamosm@gmail.com
C0019;Abel Villanueva;12/06/1988;88 Pheasant Rd.;Bridgeton, NJ 08302;(904) 204-2255;bartak@sbcglobal.net
C0020;Bienvenida Pulido Cózar;21/01/1994;8 Galvin Street;Seymour, IN 47274;(932) 307-3409;improv@me.com
C0021;Patricio Manzano Pomares;1/07/1979;9 Marconi Road;Eastpointe, MI 48021;(993) 960-7653;arnold@live.com
C0022;Modesto de Casares;13/12/1975;8842 Old Van Dyke Ave.;Nanuet, NY 10954;(611) 927-0572;ismail@comcast.net
C0023;Berto del Morales;30/10/1987;471 S. Cambridge Drive;Fairborn, OH 45324;(283) 384-7846;wilsonpm@aol.com
C0024;Nuria Daniela Jáuregui Tejero;2/07/1979;9 Military Dr.;Yuba City, CA 95993;(677) 875-1069;barjam@icloud.com
C0025;Anastasia Pedrero Solera;29/08/1986;8388 Pheasant Street;Powder Springs, GA 30127;(886) 929-9282;michiel@msn.com
C0026;Purificación Salomé Ferrán Valero;29/09/1984;221 Dogwood Dr.;El Paso, TX 79930;(596) 660-5408;gamma@hotmail.com
C0027;Melania Cobos Lozano;15/04/1989;911 Charles St.;East Lansing, MI 48823;(768) 242-5793;dhrakar@live.com
C0028;Evangelina Font Lago;26/03/1978;176 Henry Smith Ave.;Westland, MI 48185;(483) 388-3044;themer@icloud.com
C0029;Otilia Mercader Jimenez;21/06/1986;323 1st St.;Salt Lake City, UT 84119;(525) 814-4351;leocharre@me.com
C0030;Nadia Reyes-Bosch;14/03/1997;8127 Pawnee Lane;Pikesville, MD 21208;(872) 458-4785;kewley@icloud.com
C0031;Mireia Córdoba Pi;21/10/1993;7813 Helen Ave.;West Springfield, MA 01089;(600) 318-8808;murdocj@mac.com
C0032;Melisa Rueda Rosado;28/09/1970;353 Canterbury Dr.;Mahwah, NJ 07430;(437) 406-2974;webinc@msn.com
C0033;Trini Sanabria-Frías;22/05/1989;61 Addison Dr.;Park Forest, IL 60466;(615) 712-3381;mrsam@yahoo.ca
C0034;Lucía Manola Briones Jove;28/11/1993;810 West Mill St.;Westfield, MA 01085;(651) 742-1141;sassen@aol.com
C0035;Natalio Pereira Barrio;19/09/1970;51 Mayfair Court;Dothan, AL 36301;(517) 690-8580;emmanuel@att.net
C0036;Nerea Alcalde Solé;3/02/1984;840 Oak Meadow Ave.;Klamath Falls, OR 97603;(616) 766-2111;naoya@mac.com
C0037;Gracia Goicoechea Alba;10/12/1980;257 Pheasant Drive;Hialeah, FL 33010;(685) 726-6159;slanglois@hotmail.com
C0038;Toño Hidalgo Blázquez;24/11/1988;30 N. Park Avenue;Howard Beach, NY 11414;(737) 772-3449;improv@comcast.net
C0039;Cándida Sedano Jiménez;16/04/1981;850 School St.;Wheaton, IL 60187;(876) 612-6879;noneme@me.com
C0040;Eutimio Barreda Cobos;9/05/1999;59 Atlantic Ave.;Gallatin, TN 37066;(669) 791-3350;majordick@yahoo.com
C0041;Rosario Yuste Falcón;24/06/1986;74 Broadway;MILTON KEYNES;(642) 368-4225;rgiersig@verizon.net
C0042;Encarnacion Español Ocaña;25/03/1985;MK9 3EN;21 Mill Road;(953) 901-9132;smartfart@aol.com
C0043;Magdalena Vilaplana Esteve;26/09/1991;CREWE;CW90 4ZA;(869) 720-8135;jmgomez@verizon.net
C0044;Adelardo Novoa;12/06/1985;674 High Street;CANTERBURY;(319) 633-9396;msherr@yahoo.com
C0045;Adoración Rovira Zabala;25/10/1977;CT76 6OB;10 Richmond Road;(731) 945-6687;keutzer@sbcglobal.net
C0046;Ovidio Lamas;9/03/2000;DUNDEE;DD84 2WJ;(435) 742-6743;policies@sbcglobal.net
C0047;Reyes Julián Nogués;7/04/1978;35 The Crescent;SOUTH EAST LONDON;(684) 330-1830;hwestiii@verizon.net
C0048;Adoración Jurado Clemente;8/12/1976;SE42 3UM;44 School Lane;(843) 248-6284;hstiles@mac.com
C0049;Plácido Zabala Feijoo;19/01/1979;DONCASTER;DN36 9AT;(390) 565-9213;xnormal@gmail.com
C0050;Abel Alex Cueto López;7/09/1974;94 The Avenue;BRIGHTON;(951) 953-8812;jgmyers@icloud.com
C0051;Miguela Sanmiguel Paz;12/04/1976;BN0 6LJ;290 Albert Road;(516) 909-2316;oechslin@aol.com
C0052;Narcisa Villaverde Montes;17/11/1998;STOCKPORT;SK35 8CV;(833) 629-5357;juerd@outlook.com
C0053;Leonardo Aller Bermúdez;16/09/1971;96 The Green;WATFORD;(260) 680-9015;skippy@icloud.com
C0054;Javiera Bartolomé Torrens;15/06/1992;WD65 4RB;9950 Queen Street;(724) 882-6713;meinkej@hotmail.com
C0055;María Carmen de Fuster;28/08/1973;WAKEFIELD;WF81 5TB;(663) 750-6940;staffelb@aol.com
C0056;Adán Fonseca Marin;16/09/1970;30 Main Road;NORTH WEST LONDON;(325) 631-2099;heckerman@optonline.net
C0057;Adalberto de Fabra;23/12/1989;NW96 2RV;9896 New Road;(594) 787-2465;rjones@verizon.net
C0058;Rosalinda Jaume Romero;25/07/1985;SHREWSBURY;SY49 2YJ;(720) 491-3517;parrt@verizon.net
C0059;Abigaíl Enríquez Carreras;18/04/1987;26 North Road;EAST CENTRAL LONDON;(735) 587-8913;hampton@icloud.com
C0060;África Morcillo;21/02/1999;EC18 9MF;146 Church Lane;(295) 530-5752;claypool@comcast.net
C0061;Gilberto Cárdenas-Esparza;16/03/1976;LLANDRINDOD WELLS;LD87 1KV;(306) 906-7975;wsnyder@live.com
C0062;Marisela Posada Jover;21/05/1991;70 Green Lane;KILMARNOCK;(452) 597-0784;magusnet@aol.com
C0063;Begoña Claudia Coello Zabaleta;11/05/1971;KA97 3AD;9645 Queensway;(363) 441-6561;danneng@optonline.net
C0064;Marcos Arregui Sainz;10/04/1977;ROCHESTER;ME97 9GF;(550) 890-6346;smallpaul@aol.com
C0065;Venceslás Sastre Peñalver;3/09/1978;5 Kingsway;WARRINGTON;(906) 421-7305;staikos@optonline.net
C0066;Febe Amaya;12/07/1980;WA48 9PQ;512 Stanley Road;(977) 707-4772;bryam@outlook.com
C0067;Quirino Granados Verdugo;19/12/1992;BIRMINGHAM;B2 0LA;(871) 218-8630;ccohen@optonline.net
C0068;Imelda de Perea;9/11/1977;3 Church Street;CARLISLE;(522) 326-9656;geoffr@aol.com
C0069;Isidora de Crespi;9/02/1980;CA46 0YA;12 George Street;(924) 599-2856;kludge@comcast.net
C0070;Balduino Martin Águila;22/10/1992;REDHILL;RH45 1LV;(998) 710-2563;frikazoyd@att.net
C0071;Casandra Ramírez Canet;18/09/1976;2 Manchester Road;SWANSEA;(319) 810-1693;singer@comcast.net
C0072;Eustaquio Vigil Gil;28/03/1973;SA65 3HD;84 North Street;(794) 504-1808;rogerspl@aol.com
C0073;Elvira del Espinosa;12/04/2000;DUDLEY;DY65 3GJ;(493) 999-4390;danzigism@yahoo.ca
C0074;Pía Huertas Manzanares;17/02/1972;9112 St. John’s Road;WALSALL;(804) 655-0207;empathy@att.net
C0075;Alberto Salas Báez;19/08/1991;WS53 7IY;19 Church Road;(554) 800-9842;jrifkin@mac.com
C0076;Sol Rosales Calvo;7/08/1982;SOUTH WEST LONDON;SW65 0GH;(548) 446-1387;sagal@icloud.com
C0077;Guiomar Folch Sanjuan;8/12/1984;76 South Street;NORWICH;(517) 369-6486;durist@sbcglobal.net
C0078;Nidia Pardo-Nuñez;5/07/1989;NR38 3VK;73 Grove Road;(893) 798-8990;msloan@msn.com
C0079;Emperatriz Sabina Pastor Pedrero;3/02/1974;SHEFFIELD;S39 0KU;(504) 719-6268;ilikered@mac.com
C0080;Ximena Jurado-Mata;9/04/1994;92 Park Avenue;WOLVERHAMPTON;(295) 508-7243;tlinden@live.com
C0081;Eugenio Aranda Falcón;5/04/1998;WV82 8AJ;53 King Street;(940) 762-9096;citizenl@yahoo.ca
C0082;Felicia del Palomo;14/08/1985;COVENTRY;CV96 4TX;(370) 597-5412;pajas@yahoo.com
C0083;Abel Uribe Cerro;16/06/1990;58 Highfield Road;BLACKBURN;(996) 458-0103;british@me.com
C0084;Andrés Felipe Prado-Infante;22/03/1993;BB91 5XM;20 West Street;(223) 934-8344;chaffar@aol.com
C0085;Jordi de Perea;2/01/1997;OUTER HEBRIDES;HS33 0PY;(611) 728-9360;parkes@hotmail.com
C0086;Ricarda Escrivá Cervera;27/02/1971;82 Windsor Road;PERTH;(446) 436-2416;sjava@yahoo.ca
C0087;Socorro Morales Guerrero;25/06/1986;PH82 4OY;75 Grange Road;(205) 877-2303;jipsen@outlook.com
C0088;Asunción Ágata Gutierrez Morera;29/04/1974;WESTERN CENTRAL LONDON;WC52 6DL;(442) 997-2681;lahvak@optonline.net
C0089;Jesús Frías Ibáñez;6/07/1990;10 Kings Road;WORCESTER;(200) 695-5178;mlewan@yahoo.com
C0090;Teodosio Niño;30/07/1982;WR45 4AU;80 The Grove;(892) 339-6497;zwood@verizon.net
C0091;Susana Vizcaíno Nuñez;16/01/1995;MANCHESTER;M78 7CQ;(719) 593-5606;kassiesa@hotmail.com
C0092;Abilio Cuéllar Rovira;17/07/1993;472 Mill Lane;READING;(719) 881-4363;rnewman@hotmail.com
C0093;Adora Alberto Rebollo;10/09/1970;RG6 1SR;55 Queens Road;(346) 442-6581;jaxweb@gmail.com
C0094;Primitivo Jaén Garcés;13/02/1995;TORQUAY;TQ16 9DL;(690) 340-6090;eidac@aol.com
C0095;Delfina Donoso;11/04/1996;80 Chester Road;HARROW;(722) 742-7576;lishoy@gmail.com
C0096;Julio Fuster Vigil;16/03/1995;HA62 8DU;320 Victoria Road;(449) 524-6231;delpino@aol.com
C0097;Cintia Carballo-Bayona;3/09/1987;PAISLEY;PA13 7KA;(703) 723-3874;catalog@att.net
C0098;Fortunata Pascual Ribas;6/01/1988;304 Springfield Road;BRADFORD;(435) 239-5138;hoyer@hotmail.com
C0099;Lilia Figuerola Bauzà;26/08/1977;BD84 2HP;51 Main Street;(580) 240-1515;esokullu@live.com
C0100;Pili Morell-Oliver;6/08/1973;CHESTER;CH66 8CW;(650) 385-0635;heidrich@hotmail.com
C0101;Estrella Peñas Benito;26/08/1982;28 London Road;HULL;(243) 906-5992;kohlis@live.com
C0102;María Ángeles Roura Carnero;5/07/1987;HU74 4ER;44 Park Road;(209) 297-3958;corrada@att.net
C0103;Violeta Violeta Lamas Sarabia;11/01/1990;GUILDFORD;GU45 5EZ;(966) 338-9815;chaffar@sbcglobal.net
C0104;Ruben Marquez Belda;22/09/1981;597 New Street;DURHAM;(638) 925-5729;josem@hotmail.com
C0105;Manola Criado;8/07/1985;DH29 2KQ;69 The Drive;(681) 914-0083;jsmith@mac.com
C0106;Rita Asensio Salgado;2/02/1990;DUMFRIES;DG73 0TH;(354) 628-2294;hmbrand@hotmail.com
C0107;Daniela Cabello Vallés;26/10/1982;41 Victoria Street;LEICESTER;(888) 289-8104;corrada@gmail.com
C0108;Nicolasa Aurelia Lasa Puig;31/03/1979;LE96 5AZ;45 Station Road;(393) 626-4948;bryam@icloud.com
C0109;Jonatan Trillo Larrañaga;5/05/1991;CHELMSFORD;CM60 7BF;(887) 262-0302;gmcgath@hotmail.com
C0110;Jose Francisco Alvarado Pombo;17/06/1999;48 Manor Road;LIVERPOOL;(462) 566-8729;fukuchi@yahoo.com
C0111;Samanta Casandra Borrell Maestre;23/01/1970;L52 8LM;217 Park Lane;(661) 929-3370;jshearer@mac.com
C0112;Emilia María Luisa Lluch Vives;22/06/1980;SUNDERLAND;SR69 9RW;(859) 862-4703;phish@live.com
C0113;Esteban Guillén Mena;23/07/1974;33 York Road;HUDDERSFIELD;(415) 981-0636;manuals@aol.com
C0114;Josué Rocha Juan;31/01/1993;HD3 3KR;44 Alexander Road;(563) 420-8118;meder@outlook.com
C0115;Encarnación Alemán-Prats;31/01/1995;YORK;YO59 8CP;(462) 763-2017;gomor@icloud.com
C0116;Celia Verdú;9/08/1990;24 Rock Maple Lane;Santa Ana, CA 92707;(701) 212-8508;hauma@gmail.com
C0117;Espiridión del Viñas;19/08/1983;376 South Griffin Street;Lancaster, CA 93535;(714) 278-0966;godeke@yahoo.ca
C0118;Melania Lobato-Mena;1/04/1983;7172 Halifax St.;Huntington Beach, CA 92647;(523) 677-7026;jdhedden@mac.com
C0119;Sosimo Roig Bayo;26/04/1988;9530 Homewood St.;Palmdale, CA 93550;(615) 522-3616;tbeck@gmail.com
C0120;Abel Carrasco-Belda;3/08/1978;3 Sunset Street;Watsonville, CA 95076;(497) 402-3196;bryanw@outlook.com
C0121;Alicia Celestina Ibáñez Santana;26/11/1989;611 Linda Rd.;El Cajon, CA 92021;(624) 360-5381;draper@me.com
C0122;Conrado Torre;10/08/1993;7088 South Woodland St.;South San Francisco, CA 94080;(417) 559-0451;anicolao@optonline.net
C0123;Leoncio Pombo Nadal;29/05/1971;78 Hamilton St.;Los Angeles, CA 90022;(650) 230-0049;mxiao@comcast.net
C0124;Marcia Tomas;14/11/1995;7576 S. Prince Ave.;Compton, CA 90221;(863) 238-8964;mleary@yahoo.ca
C0125;Aurelia del Ocaña;22/09/1972;8678 Glen Eagles Rd.;Los Angeles, CA 90042;(340) 944-7011;louise@comcast.net
C0126;Porfirio Cases Fabregat;12/12/1978;7487 College Rd.;Carmichael, CA 95608;(388) 447-0349;solomon@gmail.com
C0127;Maristela Mármol;15/10/1999;8 Westminster Ave.;Anaheim, CA 92805;(562) 364-8454;dgatwood@live.com
C0128;Leticia Azorin Cortina;22/09/1999;92 Brickell Drive;Fountain Valley, CA 92708;(332) 349-8146;augusto@outlook.com
C0129;Régulo de Sacristán;20/08/1975;503 Delaware Street;San Jose, CA 95123;(286) 718-4373;rafasgj@msn.com
C0130;Esteban del Múñiz;3/09/1973;34 Anderson Ave.;Los Angeles, CA 90037;(397) 693-0198;solomon@yahoo.ca
C0131;Trinidad Exposito Abella;18/03/1997;8388 Water St.;Bakersfield, CA 93309;(874) 698-3563;kildjean@aol.com
C0132;Pánfilo Ortiz Pardo;17/03/1974;373 Brickyard Avenue;Tustin, CA 92780;(633) 872-7554;andersbr@att.net
C0133;Glauco Llorens Álvarez;5/01/1987;834 Yukon Lane;Cupertino, CA 95014;(799) 691-3758;moonlapse@sbcglobal.net
C0134;Susanita Zaragoza Higueras;1/03/1970;8324 South St.;Fremont, CA 94538;(625) 240-8609;schwaang@mac.com
C0135;Ileana Asunción Beltran Samper;28/12/1997;8 White Ave.;Bakersfield, CA 93307;(677) 815-4415;geekoid@yahoo.ca
C0136;Chus Merino Casas;11/12/1971;907 Inverness Dr.;North Hills, CA 91343;(368) 227-4620;plover@aol.com
C0137;Carmina Cervera;18/04/1979;12 Cypress Avenue;San Pablo, CA 94806;(930) 420-2085;jhardin@hotmail.com
C0138;Curro Coello Izaguirre;25/12/1972;7313 Bohemia Street;San Diego, CA 92117;(883) 797-3367;jdray@hotmail.com
C0139;Mario Roldán;1/05/1977;8518 Hilldale Lane;Pomona, CA 91766;(616) 916-4936;euice@outlook.com
C0140;Jesusa Fuentes;6/01/1999;190 Sierra St.;Paramount, CA 90723;(406) 344-3322;camenisch@yahoo.ca
C0141;Óscar Dominguez Mayol;20/12/1973;95 Studebaker Street;Ontario, CA 91761;(323) 771-5959;lamky@hotmail.com
C0142;Angelino Contreras Pi;28/09/1986;1 Highland Ave.;San Jose, CA 95122;(898) 732-6602;alastair@att.net
C0143;Rafa Camino Perelló;28/10/1994;5 West Henry Smith Street;San Francisco, CA 94110;(551) 404-1539;british@comcast.net
C0144;Aura Vidal-Roma;3/11/1987;940 E. Primrose Ave.;Laguna Niguel, CA 92677;(488) 349-4237;rddesign@icloud.com
C0145;Lara Jordana Ballester Lladó;13/08/1974;8304 Van Dyke Avenue;Santa Ana, CA 92703;(296) 444-2189;heckerman@me.com
C0146;Aníbal Castelló Sarabia;4/03/1992;86 Bradford Rd.;San Francisco, CA 94112;(988) 961-4637;rasca@verizon.net
C0147;Adriana Higueras Ribes;7/05/1980;3 Jefferson Dr.;Van Nuys, CA 91406;(486) 549-5020;willg@sbcglobal.net
C0148;Ernesto Cuadrado Mesa;14/03/1987;79 Rocky River Ave.;Reseda, CA 91335;(868) 892-8961;bryam@verizon.net
C0149;Estela Ponce-Losada;24/01/1997;38 Johnson St.;Fremont, CA 94536;(473) 875-0023;padme@hotmail.com
C0150;Luis Miguel del Tapia;5/09/1971;7652 West Wakehurst Drive;Garden Grove, CA 92840;(700) 958-6128;damian@hotmail.com
C0151;Elpidio Agullo Tejero;2/08/1988;7075 Lake Forest Rd.;Bellflower, CA 90706;(696) 679-7702;tangsh@me.com
C0152;María Carmen Ródenas Acosta;26/09/1970;619 Pleasant St.;Lynwood, CA 90262;(250) 248-4300;yamla@outlook.com
C0153;Lucas Vendrell Valverde;11/12/1987;8026 New Saddle St.;San Diego, CA 92105;(834) 508-9490;rbarreira@optonline.net
C0154;Gerardo Tomé Real;5/06/1997;275 Rock Maple Avenue;Huntington Beach, CA 92646;(503) 283-5457;jrifkin@verizon.net
C0155;Elías Sacristán Vázquez;31/01/1998;404 Railroad St.;Oxnard, CA 93030;(461) 976-3596;dmouse@sbcglobal.net
C0156;Victoriano Valencia Coloma;5/06/1998;441 Court Dr.;Sunnyvale, CA 94087;(398) 272-4739;tubajon@comcast.net
C0157;Vera Ribes-Cases;11/10/1996;9 South Theatre Ave.;Sacramento, CA 95828;(279) 586-2100;tjensen@att.net
C0158;Ligia Moya Calleja;29/09/1980;674 Van Dyke Drive;Pittsburg, CA 94565;(988) 433-7129;tristan@live.com
C0159;Evangelina Barragán Castell;29/01/1996;234 W. Riverside St.;South Gate, CA 90280;(357) 352-8928;crandall@sbcglobal.net
C0160;Florencia Domitila Castell Mendizábal;5/12/1995;916 E. Cactus Ave.;Indio, CA 92201;(240) 852-8613;bester@outlook.com
C0161;Javier Arellano-Murcia;2/04/1999;218 Lake St.;Vallejo, CA 94591;(403) 855-3645;world@yahoo.ca
C0162;Aurelia Sans Oller;13/11/1991;861 Oakland St.;Chula Vista, CA 91911;(593) 356-1838;staikos@sbcglobal.net
C0163;Teodora Jerez Tormo;22/09/1994;8356 Bank Ave.;Chula Vista, CA 91910;(433) 213-5953;kludge@comcast.net
C0164;Cornelio Noguera Lluch;1/05/1992;9754 Brookside Street;Sacramento, CA 95823;(669) 290-1610;paulv@sbcglobal.net
C0165;Carla Serna Montalbán;5/05/1999;8718 Chapel Drive;Rosemead, CA 91770;(472) 605-7532;jgmyers@sbcglobal.net
C0166;Macarena Valeria Feliu Mayol;3/07/1986;9029 Bellevue Drive;San Bernardino, CA 92404;(287) 839-5879;josephw@hotmail.com
C0167;Jacinta Paz Domingo Rivas;28/01/1999;277 Halifax Dr.;Colton, CA 92324;(622) 903-6022;sopwith@att.net
C0168;Victor Manuel Tejedor Nevado;6/11/1986;7889 Chapel Street;Ontario, CA 91762;(797) 421-8320;sharon@att.net
C0169;Blanca Molina Francisco;2/06/1977;487 East 6th St.;Canyon Country, CA 91351;(478) 658-1534;ntegrity@msn.com
C0170;Jonatan Fonseca Quevedo;22/12/1981;51 Coffee St.;Oxnard, CA 93033;(671) 615-3675;dgriffith@aol.com
C0171;Humberto Vila;3/03/1995;9586 Sycamore Dr.;Livermore, CA 94550;(713) 795-1422;qrczak@verizon.net
C0172;Isaura Fuentes Guardiola;16/04/1988;801 SW. Prairie St.;Cerritos, CA 90703;(201) 705-6808;bruck@live.com
C0173;Rufina Vargas Andres;4/09/1979;830 High Point Court;Hayward, CA 94544;(322) 327-1204;camenisch@yahoo.ca
C0174;Reinaldo Barral Lago;3/06/1984;791 Silver Spear Street;National City, CA 91950;(644) 469-5761;mjewell@comcast.net
C0175;Jose Ignacio Vila-Rios;6/04/1991;8882 Old Smith Ave.;Oceanside, CA 92056;(674) 440-0703;daveed@optonline.net
C0176;Roberto Cánovas Segura;18/02/1998;970 Myers Street;Oceanside, CA 92054;(640) 568-2625;quantaman@hotmail.com
C0177;Rómulo Ortega-Giner;3/01/1980;948 Railroad Avenue;Unit 2;(409) 889-4836;szymansk@gmail.com
C0178;Gastón Leon Solana;1/04/1971;San Diego, CA 92114;7069 Andover St.;(359) 210-8594;jemarch@yahoo.ca
C0179;Emilia Jove-Ropero;11/10/1986;Pico Rivera, CA 90660;81 Morris Drive;(474) 494-9364;rhialto@msn.com
C0180;Calixto Pinedo Torrijos;5/07/1993;Los Angeles, CA 90001;8785 Marconi Road;(681) 820-0747;flakeg@comcast.net
C0181;Ciro Ledesma Bru;13/03/1982;Modesto, CA 95350;632 Manor Ave.;(921) 657-7404;rnewman@optonline.net
C0182;Dora del Segarra;16/06/1977;Simi Valley, CA 93065;51 College Street;(451) 889-2527;jshearer@yahoo.ca
C0183;Juan Bautista de Salazar;30/01/1977;Los Angeles, CA 90004;198 Ramblewood Drive;(487) 654-5535;tubesteak@msn.com
C0184;Narciso del Anaya;20/10/1998;Folsom, CA 95630;13 E. Walnut St.;(243) 692-9341;jsnover@gmail.com
C0185;Martirio Reina Malo Alonso;25/12/1993;Tulare, CA 93274;7792 Anderson Lane;(726) 607-0923;chrwin@live.com
C0186;Maximiliano Maestre Mendizábal;28/07/1987;San Francisco, CA 94109;7728 Mayfield Drive;(861) 258-0892;jadavis@msn.com
C0187;Noa Dominguez-Llorente;5/09/1977;Tracy, CA 95376;8704 Thatcher St.;(514) 904-4726;stevelim@gmail.com
C0188;Miguel Mur Cruz;13/10/1988;Los Angeles, CA 90066;9160 Mammoth Ave.;(829) 721-4200;zavadsky@verizon.net
C0189;Gala Gimenez-Lasa;30/08/1977;Riverside, CA 92509;8652 Arlington Drive;(983) 385-7043;mobileip@comcast.net
C0190;Saturnino Palacios Lamas;1/06/1970;Los Angeles, CA 90026;9048 Birchwood Avenue;(223) 360-1632;lauronen@icloud.com
C0191;Ariel Castellanos Bauzà;22/11/1975;Fairfield, CA 94533;35 Charles St.;(412) 836-0738;matty@att.net
C0192;Trinidad Salas Gimenez;3/05/1975;Sylmar, CA 91342;634 Theatre Street;(238) 664-3657;simone@mac.com
C0193;Adalberto del Seco;29/10/1996;Daly City, CA 94015;436 Ketch Harbour Street;(759) 680-2696;claesjac@verizon.net
C0194;Eustaquio Palacios Francisco;25/09/1989;Van Nuys, CA 91405;19 Strawberry Street;(395) 780-5461;goldberg@yahoo.com
C0195;Susana Castro Ruiz;8/10/1993;Victorville, CA 92392;48 Fairfield Lane;(372) 818-3567;lahvak@aol.com
C0196;Emelina Melisa Palau Seco;1/05/1998;San Pedro, CA 90731;9814 Primrose Street;(935) 960-4873;jipsen@sbcglobal.net
C0197;Sandalio Baeza Grande;22/10/1995;San Diego, CA 92115;8053 Jennings St.;(971) 288-1186;elmer@mac.com
C0198;Gregorio Guerrero Palomino;16/02/1984;Rancho Cucamonga, CA 91730;82 Bear Hill Ave.;(994) 447-4889;sisyphus@icloud.com
C0199;Socorro de Higueras;2/09/1976;Union City, CA 94587;9428 3rd Ave.;(232) 476-5035;stefano@verizon.net
C0200;Otilia Viana Torres;20/08/1998;Montebello, CA 90640;83 Front Ave.;(288) 574-6749;muzzy@aol.com
C0201;Luís Guzman Alsina;23/03/1972;San Francisco, CA 94122;71 Wakehurst Drive;(969) 763-9226;bmidd@att.net
C0202;Julie Rosa Lumbreras;7/01/1972;Costa Mesa, CA 92627;715 Redwood Dr.;(732) 708-8561;dhrakar@outlook.com
C0203;Samu Paulino Fabra Galvez;30/10/1970;Long Beach, CA 90813;316 Ohio St.;(314) 254-1244;openldap@mac.com
C0204;Vicente Egea Sanchez;10/03/1994;Anaheim, CA 92801;9185 Mechanic St.;(460) 682-5923;dmath@live.com
C0205;Juan Carlos del Cordero;16/02/1970;Alameda, CA 94501;7371 Wrangler Street;(200) 565-5639;dobey@msn.com
C0206;Carla Blanes España;10/12/1972;Oakland, CA 94601;72 St Paul Ave.;(357) 769-3070;rbarreira@icloud.com
C0207;Toribio Herranz Jurado;24/12/1989;Long Beach, CA 90805;67 William Drive;(587) 626-3175;gilmoure@live.com
C0208;América Rosell Ferrándiz;28/01/1989;Merced, CA 95340;7732 Cobblestone Lane;(465) 293-1802;grady@verizon.net
C0209;Inés Calderon Suarez;13/10/1997;Huntington Park, CA 90255;78 Summer Street;(709) 815-7677;sekiya@gmail.com
C0210;Trinidad Leiva Ribera;4/08/1972;San Jose, CA 95111;9268 NE. Lookout Drive;(605) 810-1781;dogdude@yahoo.com
C0211;Luisa Saldaña Piñeiro;5/04/1998;Santa Ana, CA 92704;9551 Talbot Ave.;(256) 681-2246;sfoskett@att.net
C0212;Yago Diez Meléndez;6/11/1979;Spring Valley, CA 91977;82 Edgewood Ave.;(304) 471-5232;hampton@icloud.com
C0213;Alberto Rius Rius;10/03/1982;Salinas, CA 93905;63 East Penn St.;(411) 283-4519;singer@mac.com
C0214;Beatriz Jimenez Antón;30/01/1982;La Habra, CA 90631;1 Spruce Street;(442) 496-8157;pereinar@mac.com
C0215;Adolfo Gaya Canales;31/05/1980;Fontana, CA 92336;78 Devon St.;(205) 909-7964;jfreedma@comcast.net
C0216;Teófilo de Nuñez;29/03/1995;Georgetown, ON L7G 9Y7;425 Cherry Hill Court;(730) 534-7609;hampton@outlook.com
C0217;Bruno Cabezas Cordero;13/09/1975;Donnacona, QC G3M 1C3;900 Charles Lane;(770) 286-4391;attwood@yahoo.com
C0218;Pepe Juanito Adán Anaya;4/02/1981;Manotick, ON K4M 6S8;316 East Oak Meadow Court;(732) 906-0070;howler@mac.com
C0219;Isabela Solé Nuñez;21/01/1980;Essex, ON N0R 2G6;407 Lafayette Court;(943) 428-2313;quantaman@icloud.com
C0220;Amaya Izquierdo Gonzalo;24/05/1993;Lockport, MB R1B 5H9;17 Euclid Rd.;(785) 951-2152;tellis@gmail.com
C0221;Gervasio del Galán;16/08/1985;Bonnyville, AB T9N 2P9;821 Surrey St.;(406) 847-9870;jguyer@verizon.net
C0222;Isaac Pujol-Yáñez;25/02/1998;Petit-Rocher, NB E8J 4K5;714 Depot St.;(965) 911-5076;adhere@icloud.com
C0223;Valerio Valentín Céspedes;5/05/1989;Farnham, QC J2N 4J1;82 Clark Ave.;(599) 327-2008;jaarnial@verizon.net
C0224;Cleto Benito Mendizábal;11/10/1995;Winnipeg, MB R2C 4A3;9949 Dogwood Ave.;(656) 470-6146;plover@live.com
C0225;Erasmo Cabeza Martinez;9/05/1999;Saint-Raymond, QC G3L 7P7;9 Kingston Lane;(327) 329-5055;wortmanj@verizon.net
C0226;Quirino Rosario Vázquez Carvajal;17/01/2000;St. George, NB E5C 6A9;652 Old Tower Lane;(208) 903-9126;violinhi@aol.com
C0227;Marcos Alcántara Codina;28/11/1992;Port Moody, BC V3H 3N3;1 Trusel Lane;(440) 419-1193;uncle@sbcglobal.net
C0228;Paloma Abascal Lledó;14/05/1998;Delhi, ON N4B 2V1;81 Canterbury Street;(357) 843-1297;krueger@icloud.com
C0229;Ana Sofía Nadal-Campo;23/04/1990;Oromocto, NB E2V 6A5;1 Westminster Street;(726) 820-4884;daveewart@optonline.net
C0230;Estela Cases Peral;6/11/1982;Belledune, NB E8G 4R8;83 Beaver Ridge Ave.;(741) 507-6188;firstpr@aol.com
C0231;Borja Díez-Zorrilla;28/01/1971;Bouctouche, NB E4S 8M3;170 Devonshire St.;(847) 529-3256;trieuvan@sbcglobal.net
C0232;Eva María de Bertrán;20/10/1992;Caledon, ON L7C 9T6;7489 Central Drive;(622) 751-8803;tbusch@gmail.com
C0233;Elena del Tomé;11/03/1984;Buena Vista, SK S2V 1L1;72 Wild Rose Circle;(681) 720-0173;yfreund@me.com
C0234;Iván de Manzanares;13/04/1978;Digby Neck, NS B0V 8H6;9562 South Forest Drive;(947) 794-9523;jfmulder@mac.com
C0235;Adelina Roma Feijoo;21/02/1989;Outaouais-Sud, QC J0X 9K0;94 Tallwood Avenue;(697) 343-2772;parrt@mac.com
C0236;Joel Estévez;7/11/1998;Wetaskiwin, AB T9A 7X8;381 Clay Rd.;(864) 686-9890;wiseb@aol.com
C0237;Úrsula Anabel Expósito Vazquez;3/04/1999;Steinbach, MB R5G 1B0;22 Fieldstone Dr.;(259) 588-3616;barnett@outlook.com
C0238;Manuelita Gilabert Manjón;19/03/1988;La Sarre, QC J9Z 2V9;988 Bohemia Dr.;(711) 535-5569;barlow@yahoo.com
C0239;Amparo Galván Polo;17/05/1982;Apohaqui, NB E5P 9G5;7582 Lyme Ave.;(390) 414-6347;telbij@hotmail.com
C0240;Amparo del Ayuso;12/11/1994;Lloydminster, SK S9V 5V1;226 Taylor Rd.;(622) 524-5931;dalamb@msn.com
C0241;Angélica del Ortuño;11/03/1995;Highlands, BC V9B 9L3;62 E. Foxrun Drive;(832) 663-7857;psichel@live.com
C0242;Amalia Itziar Sebastián Revilla;20/07/1980;Saint-Hippolyte, QC J8A 8X2;18 Theatre Rd.;(774) 962-9792;cameron@mac.com
C0243;América Morán Peñalver;28/04/1984;Chestermere, AB T1X 8K6;562 Hilldale Lane;(456) 478-8124;klaudon@icloud.com
C0244;Elisa de Chaparro;15/08/1976;Leduc, AB T9E 6E1;235 Bowman Street;(689) 369-1765;gavinls@msn.com
C0245;Nieves Lladó;11/11/1985;Vancouver, BC V5K 7G2;2 Beechwood Street;(462) 469-0733;arathi@comcast.net
C0246;Juan Antonio Benet;6/12/1988;Esquimalt, BC V9A 7T3;877 Coffee Ave.;(296) 380-9560;parkes@icloud.com
C0247;Gustavo Barberá Frías;18/06/1991;Coldbrook, NS B4R 8S2;759 Mayfair Court;(770) 446-1820;cyrus@aol.com
C0248;Eliana Pacheco Ponce;8/04/1973;Windsor, ON N8P 8C9;8921 West Oak Meadow Road;(752) 764-6341;isotopian@hotmail.com
C0249;Dalila Pino Verdú;21/09/1992;Kanata, ON K2K 4A8;24 Edgemont St.;(420) 583-7227;marnanel@icloud.com
C0250;Marciano Díaz;16/04/1985;McAdam, NB E6J 7T4;524 Dunbar Drive;(844) 867-2783;nwiger@verizon.net
C0251;Timoteo Pinilla Calderón;5/06/1975;Hanover, ON N4N 0G1;4 Maple Street;(844) 548-7367;elmer@comcast.net
C0252;Malena Roma Barrena;15/08/1977;Ottawa, ON K1G 0J7;7963 Third St.;(653) 247-2528;natepuri@gmail.com
C0253;Silvia León Duque;12/04/1991;Mississauga, ON L4T 3V7;617 Liberty Dr.;(323) 918-8630;tmaek@gmail.com
C0254;Ema del Garrido;24/01/1986;Wallaceburg, ON N8A 3M8;72 Circle St.;(951) 814-0240;manuals@yahoo.ca
C0255;Eva González Cano;12/11/1972;Windsor, LB A2B 0T8;616 Lyme Ave.;(286) 747-9510;neonatus@live.com
C0256;Eutropio Sedano Cabanillas;3/10/1987;Cowansville, QC J2K 8Y0;901 Fairway Street;(780) 915-5789;crusader@verizon.net
C0257;Dafne Cerdán Pujol;24/09/1988;Duvernay-Est, QC H7A 4A9;80 Gulf Drive;(611) 316-6464;dogdude@mac.com
C0258;Óscar de Mascaró;26/09/1989;Pitt Meadows, BC V3Y 0T2;9599 East Water Ave.;(347) 423-7150;mastinfo@outlook.com
C0259;Catalina Peralta Patiño;26/06/1970;Amqui, QC G5J 8E3;8850 Pulaski Dr.;(690) 391-9308;munge@verizon.net
C0260;Bárbara Elorza Jordá;28/11/1989;Enfield, NS B2T 5S6;703 Bay Ave.;(300) 748-5245;milton@att.net
C0261;Loreto Burgos;20/05/1980;St. Martins, NB E5R 1J6;31 Temple Ave.;(399) 450-6042;redingtn@hotmail.com
C0262;Estela Marquez Arce;18/12/1972;Stouffville, ON L4A 6L1;7058 Country Club Ave.;(941) 250-4612;fviegas@sbcglobal.net
C0263;Paloma Segarra Menéndez;9/03/1978;Kings County, NS B0P 9R3;91 Pineknoll Ave.;(979) 636-7422;rgarcia@live.com
C0264;Claudio Maximino Cobos Córdoba;5/01/1998;Fort Saskatchewan, AB T8L 4M9;871 Gainsway Drive;(838) 478-1283;ovprit@msn.com
C0265;Josefina Rey Meléndez;12/01/1973;Laurentides-Sud, QC J0V 3M7;9536 Nut Swamp Dr.;(709) 730-9311;teverett@att.net
C0266;Nilda de Garrido;29/12/1982;Black Lake, QC G6H 5M3;53 Old Belmont St.;(773) 468-1836;ghost@yahoo.ca
C0267;Gregorio Llabrés-Rebollo;30/03/1983;Charny, QC G6X 9G6;9451 Stonybrook Court;(629) 776-7927;intlprog@verizon.net
C0268;Edmundo de Marco;28/09/1993;Okotoks, AB T1S 0P8;5 Rockland Court;(374) 637-9848;frosal@msn.com
C0269;Amaya Ruiz Campoy;30/01/1985;Boiestown, NB E6A 0J5;209 North Primrose Street;(614) 742-3346;sabren@comcast.net
C0270;Nacio Perera Lerma;17/08/1995;Port Alberni, BC V9Y 6C7;14 Military Street;(591) 540-1501;hermes@outlook.com
C0271;Damián Vicens Cabrera;3/11/1995;Cochrane, AB T4C 6R2;9282 Border Street;(674) 692-6307;shrapnull@live.com
C0272;Marcela Teófila Arnal Lasa;22/04/1999;Hampton, NB E5N 2B1;258 Bohemia St.;(613) 385-7225;jimmichie@optonline.net
C0273;Reina Losada Alfonso;19/02/1981;Grand Manan Island, NB E5G 6V4;740 Jones St.;(911) 247-1909;bjornk@aol.com
C0274;Isa Arenas Mariscal;27/04/1972;Petawawa, ON K8H 6P6;592 Linden Ave.;(428) 712-4844;ghost@sbcglobal.net
C0275;Morena Roura;1/09/1998;Cap-Rouge, QC G1Y 7T2;67 Sheffield Ave.;(911) 550-2155;curly@icloud.com
C0276;Odalys Benítez;16/10/1996;Prince Rupert, BC V8J 9N3;19 Tallwood St.;(593) 925-4662;jacks@outlook.com
C0277;Emma del Amor;8/10/1980;Acton, ON L7J 3T8;389 Ridge Street;(538) 584-5847;mbswan@optonline.net
C0278;Seve Villanueva Anaya;6/02/1975;Lac-Megantic, QC G6B 4L9;329 Carpenter Court;(336) 788-8866;jelmer@gmail.com
C0279;Montserrat Armas Salamanca;11/03/1994;Innisfail, AB T4G 7N5;60 St Margarets Street;(878) 213-7548;podmaster@yahoo.com
C0280;Ildefonso Feliu Esteban;14/06/1997;Le Fjord, QC G0T 3E3;968 E. Aspen Lane;(544) 332-6097;malin@verizon.net
C0281;Ligia Ocaña Arregui;2/12/1987;Grande-Anse, NB E8N 7C1;12 Winding Way St.;(992) 343-2800;dsugal@hotmail.com
C0282;Sarita Neira Toro;6/04/1981;Kimberley, BC V1A 5S2;859 Greenview Dr.;(272) 202-0144;ninenine@icloud.com
C0283;Timoteo Pacheco Pozo;20/04/1970;St. Albert, AB T8N 8R8;9286 E. Bayberry Street;(738) 345-5103;damian@icloud.com
C0284;Ester Anabel Fabregat Nuñez;11/06/1991;Bass River, NB E4T 4R0;128 Richardson St.;(713) 922-0553;phish@hotmail.com
C0285;Rosenda Villanueva Herrera;9/08/1987;Parksville, BC V9P 5L2;118 Pineknoll Drive;(682) 502-1976;rnelson@gmail.com
C0286;Ariel Gallego Diego;16/08/1981;La Plaine, QC J7M 5N3;28 Pennsylvania Street;(260) 372-4164;slaff@aol.com
C0287;Juliana Alarcón Molins;23/06/1983;Leamington, ON N8H 0N3;334 Mechanic Lane;(502) 779-9801;ninenine@live.com
C0288;Catalina Méndez;7/01/1995;Strathmore, AB T1P 9V5;798 Clark Rd.;(687) 734-3575;johnh@yahoo.ca
C0289;Susanita Pascual Salamanca;10/12/1972;Youngs Cove, NB E4C 4K5;735 Spruce Ave.;(503) 471-0311;ryanshaw@comcast.net
C0290;Dimas Rafael Polo Bravo;5/08/1970;Chatham, QC J8G 7X7;603 Elm Lane;(640) 467-1066;gerlo@yahoo.ca
C0291;Anabel Pou Lasa;29/09/1972;Eskasoni, NS B1W 1S9;72 Paris Hill Ave.;(350) 900-0774;noneme@me.com
C0292;Nadia Natividad Marco Flores;14/05/1985;Parry Sound, ON P2A 5R6;94 Valley View Rd.;(593) 907-1562;squirrel@comcast.net
C0293;Máximo Téllez Ferrera;7/10/1997;Lanaudière-Nord, QC J0K 8T8;8 E. Miles Dr.;(848) 559-5729;sakusha@yahoo.com
C0294;Gala Clarisa Ballesteros Llopis;31/12/1986;Saint-Colomban, QC J5K 6C2;672 Albany St.;(986) 369-4687;seano@sbcglobal.net
C0295;Amancio Aliaga Sierra;25/02/1991;Huntsville, ON P1H 2C9;22 Jackson Rd.;(815) 645-0166;bmidd@msn.com
C0296;César Nogués Tomás;13/07/1973;Lachute, QC J8H 9V1;22 Ridge Lane;(456) 670-3912;oracle@verizon.net
C0297;Brígida Jove Carretero;7/04/1998;St. Stephen, NB E3L 2A8;8557 West Greenview Dr.;(997) 481-7573;jrifkin@yahoo.com
C0298;Vito del Abad;1/09/1980;Îles-Laval, QC H7Y 1X2;8824 Liberty Drive;(571) 271-7420;sherzodr@att.net
C0299;Nayara Fanny Juliá Sierra;22/02/1998;Grand Falls, LB A2A 2C6;368 Fifth Dr.;(674) 672-8423;rsmartin@msn.com
C0300;Isidoro Salas Marqués;4/10/1980;Ville Émard, QC H4E 1K4;61 San Carlos Rd.;(505) 554-8992;jsbach@aol.com
C0301;Vicente Palomino Adadia;29/12/1979;Napanee, ON K7R 6V1;37 Peninsula Street;(826) 231-0876;wmszeliga@mac.com
C0302;Sandalio de Figueroa;23/06/1978;Woodstock, NB E7M 8P6;149 Jennings Road;(499) 874-0371;william@hotmail.com
C0303;Elodia Pinto;9/12/1999;Dorchester, NB E4K 6V5;59 W. Anderson Lane;(317) 232-9358;gastown@comcast.net
C0304;Felipe Carro Ramis;20/05/1992;Greely, ON K4P 4T2;685 High Noon Lane;(852) 388-3751;improv@live.com
C0305;Ana Belén Alvarado Bueno;13/03/1970;Boucherville, QC J4B 9T3;42 Johnson Dr.;(366) 604-3609;gfxguy@outlook.com
C0306;Marisela Sanmiguel Pedraza;12/03/1995;Lacombe, AB T4L 0S1;7976 North Street;(800) 687-3027;marcs@outlook.com
C0307;Jesusa Benavente Ferrández;31/07/1997;Labrador City, LB A2V 8L0;394 Hanover St.;(924) 920-0218;skippy@yahoo.ca
C0308;Alonso Díaz Donoso;14/04/1996;Grimsby, ON L3M 5X9;9697 South Mountainview Street;(733) 648-0855;jyoliver@sbcglobal.net
C0309;Filomena Pombo Pla;21/03/1978;Cobourg, ON K9A 5G0;60 Carpenter Street;(496) 879-5338;afifi@hotmail.com
C0310;Cristóbal Cabello-Pol;7/05/1993;Chelsea, QC J9B 5K1;343 Oxford St.;(363) 981-6810;muadip@gmail.com
C0311;Maribel Murillo Alcaraz;18/09/1977;Qualicum Beach, BC V9K 4J5;490 Lantern Street;(643) 252-3203;hyper@icloud.com
C0312;Mayte Cuesta Acosta;5/01/1977;Dunnville, ON N1A 2R5;8158 S. Marvon Ave.;(491) 779-1547;spadkins@att.net
C0313;Remigio Villalonga Roman;29/10/1990;Vimont, QC H7M 0J1;7651 Carriage Dr.;(731) 808-7183;oneiros@icloud.com
C0314;Vanesa Villaverde;5/07/1986;Port Perry, ON L9L 6K8;7313 Eagle Ave.;(879) 310-9113;miltchev@gmail.com
C0315;Maristela Corbacho Alegria;29/11/1974;Saint Petersburg, FL 33710;127 Rockwell Lane;(944) 942-5965;uqmcolyv@att.net
C0316;Manuelita Cervera Botella;27/05/1989;Miami, FL 33135;107 Cedar Street;(257) 383-2777;william@comcast.net
C0317;Borja Canet Gallo;16/07/1999;New Port Richey, FL 34653;20 Ivy St.;(286) 539-1526;lipeng@comcast.net
C0318;Clotilde Chita Fábregas Toro;19/06/1986;Fort Lauderdale, FL 33312;63 Stillwater St.;(408) 475-2351;sbmrjbr@msn.com
C0319;Olimpia Girona Paredes;7/04/1973;Tampa, FL 33614;209 North Newbridge Drive;(654) 850-5430;ryanvm@sbcglobal.net
C0320;Rubén de Arribas;19/02/1977;Jacksonville, FL 32205;85 Ridgeview Drive;(704) 732-6961;mbswan@msn.com
C0321;Édgar Manu Suárez Anglada;23/05/1975;Miami, FL 33161;60 Surrey Rd.;(400) 235-6788;dbanarse@yahoo.ca
C0322;Luna Morcillo Carretero;15/04/1985;Bradenton, FL 34205;556 Pleasant St.;(363) 851-7332;frikazoyd@me.com
C0323;Eladio Salcedo Cabanillas;31/12/1983;Fort Myers, FL 33912;31 Heritage Street;(892) 211-3578;mosses@gmail.com
C0324;Gisela Cámara Duarte;14/03/1985;Tampa, FL 33624;8904 Vermont Drive;(231) 936-5897;parasite@optonline.net
C0325;Nicanor de Moliner;8/11/1977;Opa Locka, FL 33055;886 Snake Hill St.;(609) 914-4233;samavati@me.com
C0326;Rosario Paz Figueroa;13/09/1979;Winter Haven, FL 33880;212 Canal St.;(776) 448-2874;rfoley@mac.com
C0327;Gloria Esteve Perez;4/11/1988;Lake Worth, FL 33460;9974 Holly Dr.;(487) 768-3548;yfreund@verizon.net
C0328;Alexandra Pedrosa Asensio;21/12/1987;Lake Wales, FL 33853;7342 Woodland Avenue;(601) 357-6775;fglock@gmail.com
C0329;Lucho Lucio Gallart Bartolomé;9/11/1998;Fort Lauderdale, FL 33309;20 West Gates St.;(296) 236-1828;bebing@hotmail.com
C0330;Lola Vanesa Roda Verdejo;4/10/1980;Fort Lauderdale, FL 33322;22 Wall St.;(691) 320-1793;cumarana@live.com
C0331;Alejandra Alvarado-Rocamora;6/12/1988;Fort Lauderdale, FL 33319;7342A Edgefield Street;(919) 955-4757;smpeters@mac.com
C0332;Cristina Navas Sanz;13/12/1998;Boca Raton, FL 33428;19 Charles St.;(895) 527-9965;madler@gmail.com
C0333;Desiderio Vizcaíno Seguí;14/10/1982;Hallandale, FL 33009;8123 York Ave.;(779) 490-1731;mgemmons@yahoo.ca
C0334;Nélida Gallart Ochoa;6/05/1978;Pensacola, FL 32526;9315 Arcadia St.;(317) 905-9963;lstein@msn.com
C0335;Áurea Sandoval Robles;17/04/1970;Hollywood, FL 33029;9447 Jackson Court;(636) 558-0180;skythe@optonline.net
C0336;Bibiana Azcona;27/09/1994;Miami, FL 33179;8407 Snake Hill Street;(985) 919-4960;alias@comcast.net
C0337;Marcos Arnal Sola;17/08/1977;Miami, FL 33183;60 West Prince St.;(558) 212-5147;dburrows@comcast.net
C0338;Soledad Ani Garrido Duran;28/01/1970;Pompano Beach, FL 33063;192 Birchpond Ave.;(792) 524-2198;eegsa@sbcglobal.net
C0339;Rodolfo Duilio Terrón Serrano;20/12/1983;Lakeland, FL 33801;880 Mayfair St.;(267) 864-5928;gfxguy@hotmail.com
C0340;Carolina Ferreras Bolaños;20/11/1971;Hialeah, FL 33013;83 8th St.;(496) 239-3951;gumpish@optonline.net
C0341;Eladio Querol;7/08/1990;West Palm Beach, FL 33411;7270 Shadow Brook Dr.;(252) 667-8366;rhialto@yahoo.com
C0342;Irene Orozco Millán;14/05/1970;Jacksonville, FL 32208;9505 Sutor Dr.;(609) 330-8191;phyruxus@mac.com
C0343;Yago Heredia Francisco;11/10/1988;Orlando, FL 32812;26 Lawrence Drive;(439) 401-6738;jshearer@yahoo.com
C0344;Hernán Diego Ferreras;4/09/1996;West Palm Beach, FL 33415;7147 Heather St.;(946) 600-8214;fwiles@live.com
C0345;Darío Severino Falcón Rodríguez;17/08/1994;Orlando, FL 32810;287 E. Woodland Ave.;(384) 619-1581;kayvonf@sbcglobal.net
C0346;Eli Rovira Busquets;2/09/1978;Pompano Beach, FL 33064;16 Monroe Dr.;(675) 655-1424;pappp@icloud.com
C0347;Remedios Barbero Calderón;3/01/1991;Key West, FL 33040;59 Pumpkin Hill Drive;(842) 708-2942;timlinux@icloud.com
C0348;Telmo Azcona Huerta;24/01/1987;Panama City, FL 32404;88 Deerfield Street;(656) 301-2331;feamster@mac.com
C0349;Jose Luis Salgado Monreal;13/08/1975;Hollywood, FL 33025;88 Marsh Road;(728) 554-8409;dexter@yahoo.ca
C0350;Maximiliano Ferrer Solé;10/02/1982;Winter Springs, FL 32708;251 SW. Ramblewood Ave.;(557) 382-0708;symbolic@optonline.net
C0351;Seve Pellicer Arévalo;6/07/1989;Miami, FL 33162;15 Bow Ridge Dr.;(395) 354-7424;intlprog@live.com
C0352;Poncio Gallart Cano;22/04/1977;Miami, FL 33175;691 Baker Rd.;(752) 229-5173;msloan@live.com
C0353;Abril Morante-Portero;16/07/1982;Port Orange, FL 32127;32 Adams Court;(653) 317-7538;wbarker@aol.com
C0354;Alondra Arroyo Moraleda;19/06/1971;Tampa, FL 33617;969 Summerhouse Dr.;(720) 816-6636;niknejad@msn.com
C0355;Nando Neira Garcia;14/03/1979;Fort Lauderdale, FL 33321;61 College Rd.;(392) 567-1811;koudas@icloud.com
C0356;Soraya Puig Estrada;17/01/1992;Hollywood, FL 33021;344 Summerhouse Ave.;(233) 981-3075;cantu@outlook.com
C0357;Teresita Ferrera Bernat;9/10/1984;Dunedin, FL 34698;164 Albany Dr.;(469) 699-2655;nighthawk@hotmail.com
C0358;Ignacio Mendez Casanovas;12/01/1973;West Palm Beach, FL 33414;9028 E. Overlook Street;(311) 568-5798;peterhoeg@yahoo.com
C0359;Isabel Bayo Sanchez;27/03/1991;Lake Worth, FL 33467;300 San Carlos Street;(930) 839-6069;jonadab@outlook.com
C0360;Ligia Linares Isern;13/09/1993;Miami, FL 33196;19 Carriage Court;(595) 770-6147;gamma@sbcglobal.net
C0361;Simón Gaya Vallejo;9/08/1995;Orlando, FL 32818;3 Henry St.;(796) 698-2556;wbarker@sbcglobal.net
C0362;Chus Larrañaga Hernando;30/10/1993;Orlando, FL 32839;7743 Boston Street;(518) 447-3410;conteb@mac.com
C0363;Ángeles Arévalo Balaguer;24/03/1993;Brandon, FL 33511;9543 Marlborough Street;(963) 286-3940;mugwump@verizon.net
C0364;Benito Juan Francisco Aramburu Fiol;24/05/1984;Valrico, FL 33594;42 Lakeshore Avenue;(989) 381-2553;andrei@outlook.com
C0365;Amaya Valderrama Gomis;25/01/1994;Melbourne, FL 32935;77 Rocky River Ave.;(760) 748-7416;roamer@sbcglobal.net
C0366;Beatriz Rodriguez Iborra;25/09/1982;Jacksonville, FL 32209;68 Woodland Ave.;(382) 950-9603;malattia@msn.com
C0367;Amílcar Ortega Gallo;27/01/1987;Fort Lauderdale, FL 33334;9413 Lexington Dr.;(256) 505-6404;aschmitz@sbcglobal.net
C0368;Seve Laguna-Bas;5/07/1980;Jupiter, FL 33458;727 Cardinal Ave.;(262) 756-8019;ovprit@aol.com
C0369;Francisco Javier Coloma;22/04/1986;Deltona, FL 32738;49 Colonial Street;(437) 405-6290;jaarnial@att.net
C0370;Erasmo Crespo Gallego;12/01/1993;Boynton Beach, FL 33435;73 Pulaski Street;(582) 368-1385;murty@icloud.com
C0371;Octavio Perelló-Losada;26/04/1976;Fort Lauderdale, FL 33351;9969 Primrose Drive;(659) 871-3879;loscar@sbcglobal.net
C0372;Camila Leticia Arévalo Cuenca;20/12/1989;Palm Harbor, FL 34683;164 West Coffee St.;(353) 426-1757;telbij@verizon.net
C0373;Áurea Manuela Piñol Bernal;7/07/1985;Homestead, FL 33033;7236 Albany Court;(856) 331-2705;fmtbebuck@live.com
C0374;Carina Arcos Vara;20/06/1977;Orlando, FL 32837;9 East San Carlos Ave.;(700) 644-2712;evilopie@att.net
C0375;Yago Baró Garmendia;28/02/1995;Boca Raton, FL 33433;7939 Gates St.;(294) 342-2123;aibrahim@icloud.com
C0376;Antonio Folch Grande;10/01/1986;Tampa, FL 33612;111 Rockledge Street;(232) 232-3544;uqmcolyv@aol.com
C0377;Jose Ramón de Aguilera;18/01/1991;Miami, FL 33134;32 Vernon St.;(368) 282-4245;hermes@aol.com
C0378;Dulce Caridad Rojas Ángel;2/07/1980;Daytona Beach, FL 32119;794 Philmont Ave.;(606) 269-6077;krueger@msn.com
C0379;Cruz Benítez;30/12/1999;Jacksonville, FL 32257;7600 Campfire Street;(975) 455-9019;danneng@att.net
C0380;Fabio Carnero Boix;4/05/1983;Miami, FL 33165;527 South Indian Summer Court;(473) 353-4079;pgolle@yahoo.com
C0381;Nayara Casanovas Alarcón;30/12/1995;Miami, FL 33177;72 S. Lakeview St.;(845) 455-2297;scitext@comcast.net
C0382;Miguel Villegas Jover;30/04/1992;Gainesville, FL 32608;47 Leatherwood Ave.;(811) 819-5474;goresky@gmail.com
C0383;Ildefonso Guillén Arrieta;9/12/1995;Port Saint Lucie, FL 34952;7 Bridle Street;(923) 852-7654;shawnce@optonline.net
C0384;Jose Ignacio Armas Ramírez;18/04/1993;Tallahassee, FL 32303;3 North Augusta Road;(559) 237-1566;ubergeeb@live.com
C0385;María Jesús Celestina Casas Carrasco;12/02/1975;Tallahassee, FL 32304;848 Lees Creek Ave.;(930) 751-5153;redingtn@yahoo.ca
C0386;Mamen Ledesma Escribano;7/04/1995;Casselberry, FL 32707;943 Brookside St.;(423) 496-3540;nimaclea@live.com
C0387;Ambrosio Casanovas Piquer;4/10/1989;Miami, FL 33176;791 Lexington Ave.;(566) 531-0451;iapetus@aol.com
C0388;Joan Ferrán Alegria;23/01/1985;Lake Worth, FL 33463;8429 Bellevue Avenue;(923) 361-1596;skythe@outlook.com
C0389;Vasco Tamayo Barrio;7/01/1994;Hollywood, FL 33024;46 Marlborough Drive;(479) 389-7125;anicolao@aol.com
C0390;Leire Aroa Alfaro Olmo;3/12/1982;Hialeah, FL 33018;9064 William St.;(522) 838-0614;hahsler@yahoo.ca
C0391;Felix Guardia Arenas;7/09/1993;Miami, FL 33173;4 Belmont Drive;(463) 645-5648;tokuhirom@comcast.net
C0392;Gloria Dalmau-Bolaños;12/06/1973;Miami, FL 33193;788 Glenholme Dr.;(968) 499-4402;mhoffman@live.com
C0393;Eliana Solsona Girón;8/03/1983;Tampa, FL 33615;93 Magnolia Ave.;(263) 379-6789;mahbub@verizon.net
C0394;Liliana Valdés Bilbao;4/07/1999;Jacksonville, FL 32225;93 N. Schoolhouse Street;(316) 405-3234;janneh@gmail.com
C0395;Tomasa Feijoo Alvarado;8/04/1979;Miami, FL 33186;719 Penn Dr.;(443) 667-4609;jonathan@yahoo.com
C0396;José Ángel Vélez Vila;14/01/1998;Pensacola, FL 32503;9 Arrowhead Street;(851) 269-0491;zeitlin@aol.com
C0397;Pío Roma-Estevez;27/02/1972;Lakeland, FL 33813;176B South Victoria Drive;(727) 313-4625;telbij@yahoo.com
C0398;Amelia Tello-Toledo;17/12/1988;Sarasota, FL 34231;333 South Tower Ave.;(900) 258-6110;cparis@me.com
C0399;Roberta de Lamas;20/02/1991;Boynton Beach, FL 33436;952 Acacia Ave.;(984) 388-6360;dburrows@gmail.com
C0400;Primitivo Melero Daza;14/12/1975;Pompano Beach, FL 33068;9973 Armstrong St.;(994) 832-9514;budinger@gmail.com
C0401;Benigno Sanz Gomis;20/05/1998;Orlando, FL 32808;8241 Devon Dr.;(470) 309-6205;mnemonic@comcast.net
C0402;Reyna Rivas Porcel;28/01/1974;Oviedo, FL 32765;419 Sheffield St.;(510) 332-3248;techie@yahoo.ca
C0403;Olivia Goñi;22/12/1990;Orlando, FL 32811;8142 Amherst Circle;(608) 742-9416;timlinux@att.net
